Subject,Start Date,Start Time,End Date,End Time,All Day Event
農曆初一,2000/01/07,00:00,2000/01/07,23:59,True
農曆初一,2000/02/05,00:00,2000/02/05,23:59,True
農曆初一,2000/03/06,00:00,2000/03/06,23:59,True
農曆初一,2000/04/05,00:00,2000/04/05,23:59,True
農曆初一,2000/05/04,00:00,2000/05/04,23:59,True
農曆初一,2000/06/02,00:00,2000/06/02,23:59,True
農曆初一,2000/07/02,00:00,2000/07/02,23:59,True
農曆初一,2000/07/31,00:00,2000/07/31,23:59,True
農曆初一,2000/08/29,00:00,2000/08/29,23:59,True
農曆初一,2000/09/28,00:00,2000/09/28,23:59,True
農曆初一,2000/10/27,00:00,2000/10/27,23:59,True
農曆初一,2000/11/26,00:00,2000/11/26,23:59,True
農曆初一,2000/12/26,00:00,2000/12/26,23:59,True
農曆初一,2001/01/24,00:00,2001/01/24,23:59,True
農曆初一,2001/02/23,00:00,2001/02/23,23:59,True
農曆初一,2001/03/25,00:00,2001/03/25,23:59,True
農曆初一,2001/04/23,00:00,2001/04/23,23:59,True
農曆初一,2001/05/23,00:00,2001/05/23,23:59,True
農曆初一,2001/06/21,00:00,2001/06/21,23:59,True
農曆初一,2001/07/21,00:00,2001/07/21,23:59,True
農曆初一,2001/08/19,00:00,2001/08/19,23:59,True
農曆初一,2001/09/17,00:00,2001/09/17,23:59,True
農曆初一,2001/10/17,00:00,2001/10/17,23:59,True
農曆初一,2001/11/15,00:00,2001/11/15,23:59,True
農曆初一,2001/12/15,00:00,2001/12/15,23:59,True
農曆初一,2002/01/13,00:00,2002/01/13,23:59,True
農曆初一,2002/02/12,00:00,2002/02/12,23:59,True
農曆初一,2002/03/14,00:00,2002/03/14,23:59,True
農曆初一,2002/04/13,00:00,2002/04/13,23:59,True
農曆初一,2002/05/12,00:00,2002/05/12,23:59,True
農曆初一,2002/06/11,00:00,2002/06/11,23:59,True
農曆初一,2002/07/10,00:00,2002/07/10,23:59,True
農曆初一,2002/08/09,00:00,2002/08/09,23:59,True
農曆初一,2002/09/07,00:00,2002/09/07,23:59,True
農曆初一,2002/10/06,00:00,2002/10/06,23:59,True
農曆初一,2002/11/05,00:00,2002/11/05,23:59,True
農曆初一,2002/12/04,00:00,2002/12/04,23:59,True
農曆初一,2003/01/03,00:00,2003/01/03,23:59,True
農曆初一,2003/02/01,00:00,2003/02/01,23:59,True
農曆初一,2003/03/03,00:00,2003/03/03,23:59,True
農曆初一,2003/04/02,00:00,2003/04/02,23:59,True
農曆初一,2003/05/01,00:00,2003/05/01,23:59,True
農曆初一,2003/05/31,00:00,2003/05/31,23:59,True
農曆初一,2003/06/30,00:00,2003/06/30,23:59,True
農曆初一,2003/07/29,00:00,2003/07/29,23:59,True
農曆初一,2003/08/28,00:00,2003/08/28,23:59,True
農曆初一,2003/09/26,00:00,2003/09/26,23:59,True
農曆初一,2003/10/25,00:00,2003/10/25,23:59,True
農曆初一,2003/11/24,00:00,2003/11/24,23:59,True
農曆初一,2003/12/23,00:00,2003/12/23,23:59,True
農曆初一,2004/01/22,00:00,2004/01/22,23:59,True
農曆初一,2004/02/20,00:00,2004/02/20,23:59,True
農曆初一,2004/03/21,00:00,2004/03/21,23:59,True
農曆初一,2004/04/19,00:00,2004/04/19,23:59,True
農曆初一,2004/05/19,00:00,2004/05/19,23:59,True
農曆初一,2004/06/18,00:00,2004/06/18,23:59,True
農曆初一,2004/07/17,00:00,2004/07/17,23:59,True
農曆初一,2004/08/16,00:00,2004/08/16,23:59,True
農曆初一,2004/09/14,00:00,2004/09/14,23:59,True
農曆初一,2004/10/14,00:00,2004/10/14,23:59,True
農曆初一,2004/11/12,00:00,2004/11/12,23:59,True
農曆初一,2004/12/12,00:00,2004/12/12,23:59,True
農曆初一,2005/01/10,00:00,2005/01/10,23:59,True
農曆初一,2005/02/09,00:00,2005/02/09,23:59,True
農曆初一,2005/03/10,00:00,2005/03/10,23:59,True
農曆初一,2005/04/09,00:00,2005/04/09,23:59,True
農曆初一,2005/05/08,00:00,2005/05/08,23:59,True
農曆初一,2005/06/07,00:00,2005/06/07,23:59,True
農曆初一,2005/07/06,00:00,2005/07/06,23:59,True
農曆初一,2005/08/05,00:00,2005/08/05,23:59,True
農曆初一,2005/09/04,00:00,2005/09/04,23:59,True
農曆初一,2005/10/03,00:00,2005/10/03,23:59,True
農曆初一,2005/11/02,00:00,2005/11/02,23:59,True
農曆初一,2005/12/01,00:00,2005/12/01,23:59,True
農曆初一,2005/12/31,00:00,2005/12/31,23:59,True
農曆初一,2006/01/29,00:00,2006/01/29,23:59,True
農曆初一,2006/02/28,00:00,2006/02/28,23:59,True
農曆初一,2006/03/29,00:00,2006/03/29,23:59,True
農曆初一,2006/04/28,00:00,2006/04/28,23:59,True
農曆初一,2006/05/27,00:00,2006/05/27,23:59,True
農曆初一,2006/06/26,00:00,2006/06/26,23:59,True
農曆初一,2006/07/25,00:00,2006/07/25,23:59,True
農曆初一,2006/08/24,00:00,2006/08/24,23:59,True
農曆初一,2006/09/22,00:00,2006/09/22,23:59,True
農曆初一,2006/10/22,00:00,2006/10/22,23:59,True
農曆初一,2006/11/21,00:00,2006/11/21,23:59,True
農曆初一,2006/12/20,00:00,2006/12/20,23:59,True
農曆初一,2007/01/19,00:00,2007/01/19,23:59,True
農曆初一,2007/02/18,00:00,2007/02/18,23:59,True
農曆初一,2007/03/19,00:00,2007/03/19,23:59,True
農曆初一,2007/04/17,00:00,2007/04/17,23:59,True
農曆初一,2007/05/17,00:00,2007/05/17,23:59,True
農曆初一,2007/06/15,00:00,2007/06/15,23:59,True
農曆初一,2007/07/14,00:00,2007/07/14,23:59,True
農曆初一,2007/08/13,00:00,2007/08/13,23:59,True
農曆初一,2007/09/11,00:00,2007/09/11,23:59,True
農曆初一,2007/10/11,00:00,2007/10/11,23:59,True
農曆初一,2007/11/10,00:00,2007/11/10,23:59,True
農曆初一,2007/12/10,00:00,2007/12/10,23:59,True
農曆初一,2008/01/08,00:00,2008/01/08,23:59,True
農曆初一,2008/02/07,00:00,2008/02/07,23:59,True
農曆初一,2008/03/08,00:00,2008/03/08,23:59,True
農曆初一,2008/04/06,00:00,2008/04/06,23:59,True
農曆初一,2008/05/05,00:00,2008/05/05,23:59,True
農曆初一,2008/06/04,00:00,2008/06/04,23:59,True
農曆初一,2008/07/03,00:00,2008/07/03,23:59,True
農曆初一,2008/08/01,00:00,2008/08/01,23:59,True
農曆初一,2008/08/31,00:00,2008/08/31,23:59,True
農曆初一,2008/09/29,00:00,2008/09/29,23:59,True
農曆初一,2008/10/29,00:00,2008/10/29,23:59,True
農曆初一,2008/11/28,00:00,2008/11/28,23:59,True
農曆初一,2008/12/27,00:00,2008/12/27,23:59,True
農曆初一,2009/01/26,00:00,2009/01/26,23:59,True
農曆初一,2009/02/25,00:00,2009/02/25,23:59,True
農曆初一,2009/03/27,00:00,2009/03/27,23:59,True
農曆初一,2009/04/25,00:00,2009/04/25,23:59,True
農曆初一,2009/05/24,00:00,2009/05/24,23:59,True
農曆初一,2009/06/23,00:00,2009/06/23,23:59,True
農曆初一,2009/07/22,00:00,2009/07/22,23:59,True
農曆初一,2009/08/20,00:00,2009/08/20,23:59,True
農曆初一,2009/09/19,00:00,2009/09/19,23:59,True
農曆初一,2009/10/18,00:00,2009/10/18,23:59,True
農曆初一,2009/11/17,00:00,2009/11/17,23:59,True
農曆初一,2009/12/16,00:00,2009/12/16,23:59,True
農曆初一,2010/01/15,00:00,2010/01/15,23:59,True
農曆初一,2010/02/14,00:00,2010/02/14,23:59,True
農曆初一,2010/03/16,00:00,2010/03/16,23:59,True
農曆初一,2010/04/14,00:00,2010/04/14,23:59,True
農曆初一,2010/05/14,00:00,2010/05/14,23:59,True
農曆初一,2010/06/12,00:00,2010/06/12,23:59,True
農曆初一,2010/07/12,00:00,2010/07/12,23:59,True
農曆初一,2010/08/10,00:00,2010/08/10,23:59,True
農曆初一,2010/09/08,00:00,2010/09/08,23:59,True
農曆初一,2010/10/08,00:00,2010/10/08,23:59,True
農曆初一,2010/11/06,00:00,2010/11/06,23:59,True
農曆初一,2010/12/06,00:00,2010/12/06,23:59,True
農曆初一,2011/01/04,00:00,2011/01/04,23:59,True
農曆初一,2011/02/03,00:00,2011/02/03,23:59,True
農曆初一,2011/03/05,00:00,2011/03/05,23:59,True
農曆初一,2011/04/03,00:00,2011/04/03,23:59,True
農曆初一,2011/05/03,00:00,2011/05/03,23:59,True
農曆初一,2011/06/02,00:00,2011/06/02,23:59,True
農曆初一,2011/07/01,00:00,2011/07/01,23:59,True
農曆初一,2011/07/31,00:00,2011/07/31,23:59,True
農曆初一,2011/08/29,00:00,2011/08/29,23:59,True
農曆初一,2011/09/27,00:00,2011/09/27,23:59,True
農曆初一,2011/10/27,00:00,2011/10/27,23:59,True
農曆初一,2011/11/25,00:00,2011/11/25,23:59,True
農曆初一,2011/12/25,00:00,2011/12/25,23:59,True
農曆初一,2012/01/23,00:00,2012/01/23,23:59,True
農曆初一,2012/02/22,00:00,2012/02/22,23:59,True
農曆初一,2012/03/22,00:00,2012/03/22,23:59,True
農曆初一,2012/04/21,00:00,2012/04/21,23:59,True
農曆初一,2012/05/21,00:00,2012/05/21,23:59,True
農曆初一,2012/06/19,00:00,2012/06/19,23:59,True
農曆初一,2012/07/19,00:00,2012/07/19,23:59,True
農曆初一,2012/08/17,00:00,2012/08/17,23:59,True
農曆初一,2012/09/16,00:00,2012/09/16,23:59,True
農曆初一,2012/10/15,00:00,2012/10/15,23:59,True
農曆初一,2012/11/14,00:00,2012/11/14,23:59,True
農曆初一,2012/12/13,00:00,2012/12/13,23:59,True
農曆初一,2013/01/12,00:00,2013/01/12,23:59,True
農曆初一,2013/02/10,00:00,2013/02/10,23:59,True
農曆初一,2013/03/12,00:00,2013/03/12,23:59,True
農曆初一,2013/04/10,00:00,2013/04/10,23:59,True
農曆初一,2013/05/10,00:00,2013/05/10,23:59,True
農曆初一,2013/06/08,00:00,2013/06/08,23:59,True
農曆初一,2013/07/08,00:00,2013/07/08,23:59,True
農曆初一,2013/08/07,00:00,2013/08/07,23:59,True
農曆初一,2013/09/05,00:00,2013/09/05,23:59,True
農曆初一,2013/10/05,00:00,2013/10/05,23:59,True
農曆初一,2013/11/03,00:00,2013/11/03,23:59,True
農曆初一,2013/12/03,00:00,2013/12/03,23:59,True
農曆初一,2014/01/01,00:00,2014/01/01,23:59,True
農曆初一,2014/01/31,00:00,2014/01/31,23:59,True
農曆初一,2014/03/01,00:00,2014/03/01,23:59,True
農曆初一,2014/03/31,00:00,2014/03/31,23:59,True
農曆初一,2014/04/29,00:00,2014/04/29,23:59,True
農曆初一,2014/05/29,00:00,2014/05/29,23:59,True
農曆初一,2014/06/27,00:00,2014/06/27,23:59,True
農曆初一,2014/07/27,00:00,2014/07/27,23:59,True
農曆初一,2014/08/25,00:00,2014/08/25,23:59,True
農曆初一,2014/09/24,00:00,2014/09/24,23:59,True
農曆初一,2014/10/24,00:00,2014/10/24,23:59,True
農曆初一,2014/11/22,00:00,2014/11/22,23:59,True
農曆初一,2014/12/22,00:00,2014/12/22,23:59,True
農曆初一,2015/01/20,00:00,2015/01/20,23:59,True
農曆初一,2015/02/19,00:00,2015/02/19,23:59,True
農曆初一,2015/03/20,00:00,2015/03/20,23:59,True
農曆初一,2015/04/19,00:00,2015/04/19,23:59,True
農曆初一,2015/05/18,00:00,2015/05/18,23:59,True
農曆初一,2015/06/16,00:00,2015/06/16,23:59,True
農曆初一,2015/07/16,00:00,2015/07/16,23:59,True
農曆初一,2015/08/14,00:00,2015/08/14,23:59,True
農曆初一,2015/09/13,00:00,2015/09/13,23:59,True
農曆初一,2015/10/13,00:00,2015/10/13,23:59,True
農曆初一,2015/11/12,00:00,2015/11/12,23:59,True
農曆初一,2015/12/11,00:00,2015/12/11,23:59,True
農曆初一,2016/01/10,00:00,2016/01/10,23:59,True
農曆初一,2016/02/08,00:00,2016/02/08,23:59,True
農曆初一,2016/03/09,00:00,2016/03/09,23:59,True
農曆初一,2016/04/07,00:00,2016/04/07,23:59,True
農曆初一,2016/05/07,00:00,2016/05/07,23:59,True
農曆初一,2016/06/05,00:00,2016/06/05,23:59,True
農曆初一,2016/07/04,00:00,2016/07/04,23:59,True
農曆初一,2016/08/03,00:00,2016/08/03,23:59,True
農曆初一,2016/09/01,00:00,2016/09/01,23:59,True
農曆初一,2016/10/01,00:00,2016/10/01,23:59,True
農曆初一,2016/10/31,00:00,2016/10/31,23:59,True
農曆初一,2016/11/29,00:00,2016/11/29,23:59,True
農曆初一,2016/12/29,00:00,2016/12/29,23:59,True
農曆初一,2017/01/28,00:00,2017/01/28,23:59,True
農曆初一,2017/02/26,00:00,2017/02/26,23:59,True
農曆初一,2017/03/28,00:00,2017/03/28,23:59,True
農曆初一,2017/04/26,00:00,2017/04/26,23:59,True
農曆初一,2017/05/26,00:00,2017/05/26,23:59,True
農曆初一,2017/06/24,00:00,2017/06/24,23:59,True
農曆初一,2017/07/23,00:00,2017/07/23,23:59,True
農曆初一,2017/08/22,00:00,2017/08/22,23:59,True
農曆初一,2017/09/20,00:00,2017/09/20,23:59,True
農曆初一,2017/10/20,00:00,2017/10/20,23:59,True
農曆初一,2017/11/18,00:00,2017/11/18,23:59,True
農曆初一,2017/12/18,00:00,2017/12/18,23:59,True
農曆初一,2018/01/17,00:00,2018/01/17,23:59,True
農曆初一,2018/02/16,00:00,2018/02/16,23:59,True
農曆初一,2018/03/17,00:00,2018/03/17,23:59,True
農曆初一,2018/04/16,00:00,2018/04/16,23:59,True
農曆初一,2018/05/15,00:00,2018/05/15,23:59,True
農曆初一,2018/06/14,00:00,2018/06/14,23:59,True
農曆初一,2018/07/13,00:00,2018/07/13,23:59,True
農曆初一,2018/08/11,00:00,2018/08/11,23:59,True
農曆初一,2018/09/10,00:00,2018/09/10,23:59,True
農曆初一,2018/10/09,00:00,2018/10/09,23:59,True
農曆初一,2018/11/08,00:00,2018/11/08,23:59,True
農曆初一,2018/12/07,00:00,2018/12/07,23:59,True
農曆初一,2019/01/06,00:00,2019/01/06,23:59,True
農曆初一,2019/02/05,00:00,2019/02/05,23:59,True
農曆初一,2019/03/07,00:00,2019/03/07,23:59,True
農曆初一,2019/04/05,00:00,2019/04/05,23:59,True
農曆初一,2019/05/05,00:00,2019/05/05,23:59,True
農曆初一,2019/06/03,00:00,2019/06/03,23:59,True
農曆初一,2019/07/03,00:00,2019/07/03,23:59,True
農曆初一,2019/08/01,00:00,2019/08/01,23:59,True
農曆初一,2019/08/30,00:00,2019/08/30,23:59,True
農曆初一,2019/09/29,00:00,2019/09/29,23:59,True
農曆初一,2019/10/28,00:00,2019/10/28,23:59,True
農曆初一,2019/11/26,00:00,2019/11/26,23:59,True
農曆初一,2019/12/26,00:00,2019/12/26,23:59,True
農曆初一,2020/01/25,00:00,2020/01/25,23:59,True
農曆初一,2020/02/23,00:00,2020/02/23,23:59,True
農曆初一,2020/03/24,00:00,2020/03/24,23:59,True
農曆初一,2020/04/23,00:00,2020/04/23,23:59,True
農曆初一,2020/05/23,00:00,2020/05/23,23:59,True
農曆初一,2020/06/21,00:00,2020/06/21,23:59,True
農曆初一,2020/07/21,00:00,2020/07/21,23:59,True
農曆初一,2020/08/19,00:00,2020/08/19,23:59,True
農曆初一,2020/09/17,00:00,2020/09/17,23:59,True
農曆初一,2020/10/17,00:00,2020/10/17,23:59,True
農曆初一,2020/11/15,00:00,2020/11/15,23:59,True
農曆初一,2020/12/15,00:00,2020/12/15,23:59,True
農曆初一,2021/01/13,00:00,2021/01/13,23:59,True
農曆初一,2021/02/12,00:00,2021/02/12,23:59,True
農曆初一,2021/03/13,00:00,2021/03/13,23:59,True
農曆初一,2021/04/12,00:00,2021/04/12,23:59,True
農曆初一,2021/05/12,00:00,2021/05/12,23:59,True
農曆初一,2021/06/10,00:00,2021/06/10,23:59,True
農曆初一,2021/07/10,00:00,2021/07/10,23:59,True
農曆初一,2021/08/08,00:00,2021/08/08,23:59,True
農曆初一,2021/09/07,00:00,2021/09/07,23:59,True
農曆初一,2021/10/06,00:00,2021/10/06,23:59,True
農曆初一,2021/11/05,00:00,2021/11/05,23:59,True
農曆初一,2021/12/04,00:00,2021/12/04,23:59,True
農曆初一,2022/01/03,00:00,2022/01/03,23:59,True
農曆初一,2022/02/01,00:00,2022/02/01,23:59,True
農曆初一,2022/03/03,00:00,2022/03/03,23:59,True
農曆初一,2022/04/01,00:00,2022/04/01,23:59,True
農曆初一,2022/05/01,00:00,2022/05/01,23:59,True
農曆初一,2022/05/30,00:00,2022/05/30,23:59,True
農曆初一,2022/06/29,00:00,2022/06/29,23:59,True
農曆初一,2022/07/29,00:00,2022/07/29,23:59,True
農曆初一,2022/08/27,00:00,2022/08/27,23:59,True
農曆初一,2022/09/26,00:00,2022/09/26,23:59,True
農曆初一,2022/10/25,00:00,2022/10/25,23:59,True
農曆初一,2022/11/24,00:00,2022/11/24,23:59,True
農曆初一,2022/12/23,00:00,2022/12/23,23:59,True
農曆初一,2023/01/22,00:00,2023/01/22,23:59,True
農曆初一,2023/02/20,00:00,2023/02/20,23:59,True
農曆初一,2023/03/22,00:00,2023/03/22,23:59,True
農曆初一,2023/04/20,00:00,2023/04/20,23:59,True
農曆初一,2023/05/19,00:00,2023/05/19,23:59,True
農曆初一,2023/06/18,00:00,2023/06/18,23:59,True
農曆初一,2023/07/18,00:00,2023/07/18,23:59,True
農曆初一,2023/08/16,00:00,2023/08/16,23:59,True
農曆初一,2023/09/15,00:00,2023/09/15,23:59,True
農曆初一,2023/10/15,00:00,2023/10/15,23:59,True
農曆初一,2023/11/13,00:00,2023/11/13,23:59,True
農曆初一,2023/12/13,00:00,2023/12/13,23:59,True
農曆初一,2024/01/11,00:00,2024/01/11,23:59,True
農曆初一,2024/02/10,00:00,2024/02/10,23:59,True
農曆初一,2024/03/10,00:00,2024/03/10,23:59,True
農曆初一,2024/04/09,00:00,2024/04/09,23:59,True
農曆初一,2024/05/08,00:00,2024/05/08,23:59,True
農曆初一,2024/06/06,00:00,2024/06/06,23:59,True
農曆初一,2024/07/06,00:00,2024/07/06,23:59,True
農曆初一,2024/08/04,00:00,2024/08/04,23:59,True
農曆初一,2024/09/03,00:00,2024/09/03,23:59,True
農曆初一,2024/10/03,00:00,2024/10/03,23:59,True
農曆初一,2024/11/01,00:00,2024/11/01,23:59,True
農曆初一,2024/12/01,00:00,2024/12/01,23:59,True
農曆初一,2024/12/31,00:00,2024/12/31,23:59,True
農曆初一,2025/01/29,00:00,2025/01/29,23:59,True
農曆初一,2025/02/28,00:00,2025/02/28,23:59,True
農曆初一,2025/03/29,00:00,2025/03/29,23:59,True
農曆初一,2025/04/28,00:00,2025/04/28,23:59,True
農曆初一,2025/05/27,00:00,2025/05/27,23:59,True
農曆初一,2025/06/25,00:00,2025/06/25,23:59,True
農曆初一,2025/07/25,00:00,2025/07/25,23:59,True
農曆初一,2025/08/23,00:00,2025/08/23,23:59,True
農曆初一,2025/09/22,00:00,2025/09/22,23:59,True
農曆初一,2025/10/21,00:00,2025/10/21,23:59,True
農曆初一,2025/11/20,00:00,2025/11/20,23:59,True
農曆初一,2025/12/20,00:00,2025/12/20,23:59,True
農曆初一,2026/01/19,00:00,2026/01/19,23:59,True
農曆初一,2026/02/17,00:00,2026/02/17,23:59,True
農曆初一,2026/03/19,00:00,2026/03/19,23:59,True
農曆初一,2026/04/17,00:00,2026/04/17,23:59,True
農曆初一,2026/05/17,00:00,2026/05/17,23:59,True
農曆初一,2026/06/15,00:00,2026/06/15,23:59,True
農曆初一,2026/07/14,00:00,2026/07/14,23:59,True
農曆初一,2026/08/13,00:00,2026/08/13,23:59,True
農曆初一,2026/09/11,00:00,2026/09/11,23:59,True
農曆初一,2026/10/10,00:00,2026/10/10,23:59,True
農曆初一,2026/11/09,00:00,2026/11/09,23:59,True
農曆初一,2026/12/09,00:00,2026/12/09,23:59,True
農曆初一,2027/01/08,00:00,2027/01/08,23:59,True
農曆初一,2027/02/06,00:00,2027/02/06,23:59,True
農曆初一,2027/03/08,00:00,2027/03/08,23:59,True
農曆初一,2027/04/07,00:00,2027/04/07,23:59,True
農曆初一,2027/05/06,00:00,2027/05/06,23:59,True
農曆初一,2027/06/05,00:00,2027/06/05,23:59,True
農曆初一,2027/07/04,00:00,2027/07/04,23:59,True
農曆初一,2027/08/02,00:00,2027/08/02,23:59,True
農曆初一,2027/09/01,00:00,2027/09/01,23:59,True
農曆初一,2027/09/30,00:00,2027/09/30,23:59,True
農曆初一,2027/10/29,00:00,2027/10/29,23:59,True
農曆初一,2027/11/28,00:00,2027/11/28,23:59,True
農曆初一,2027/12/28,00:00,2027/12/28,23:59,True
農曆初一,2028/01/26,00:00,2028/01/26,23:59,True
農曆初一,2028/02/25,00:00,2028/02/25,23:59,True
農曆初一,2028/03/26,00:00,2028/03/26,23:59,True
農曆初一,2028/04/25,00:00,2028/04/25,23:59,True
農曆初一,2028/05/24,00:00,2028/05/24,23:59,True
農曆初一,2028/06/23,00:00,2028/06/23,23:59,True
農曆初一,2028/07/22,00:00,2028/07/22,23:59,True
農曆初一,2028/08/20,00:00,2028/08/20,23:59,True
農曆初一,2028/09/19,00:00,2028/09/19,23:59,True
農曆初一,2028/10/18,00:00,2028/10/18,23:59,True
農曆初一,2028/11/16,00:00,2028/11/16,23:59,True
農曆初一,2028/12/16,00:00,2028/12/16,23:59,True
農曆初一,2029/01/15,00:00,2029/01/15,23:59,True
農曆初一,2029/02/13,00:00,2029/02/13,23:59,True
農曆初一,2029/03/15,00:00,2029/03/15,23:59,True
農曆初一,2029/04/14,00:00,2029/04/14,23:59,True
農曆初一,2029/05/13,00:00,2029/05/13,23:59,True
農曆初一,2029/06/12,00:00,2029/06/12,23:59,True
農曆初一,2029/07/11,00:00,2029/07/11,23:59,True
農曆初一,2029/08/10,00:00,2029/08/10,23:59,True
農曆初一,2029/09/08,00:00,2029/09/08,23:59,True
農曆初一,2029/10/08,00:00,2029/10/08,23:59,True
農曆初一,2029/11/06,00:00,2029/11/06,23:59,True
農曆初一,2029/12/05,00:00,2029/12/05,23:59,True
農曆初一,2030/01/04,00:00,2030/01/04,23:59,True
農曆初一,2030/02/03,00:00,2030/02/03,23:59,True
農曆初一,2030/03/04,00:00,2030/03/04,23:59,True
農曆初一,2030/04/03,00:00,2030/04/03,23:59,True
農曆初一,2030/05/02,00:00,2030/05/02,23:59,True
農曆初一,2030/06/01,00:00,2030/06/01,23:59,True
農曆初一,2030/07/01,00:00,2030/07/01,23:59,True
農曆初一,2030/07/30,00:00,2030/07/30,23:59,True
農曆初一,2030/08/29,00:00,2030/08/29,23:59,True
農曆初一,2030/09/27,00:00,2030/09/27,23:59,True
農曆初一,2030/10/27,00:00,2030/10/27,23:59,True
農曆初一,2030/11/25,00:00,2030/11/25,23:59,True
農曆初一,2030/12/25,00:00,2030/12/25,23:59,True
農曆初一,2031/01/23,00:00,2031/01/23,23:59,True
農曆初一,2031/02/21,00:00,2031/02/21,23:59,True
農曆初一,2031/03/23,00:00,2031/03/23,23:59,True
農曆初一,2031/04/22,00:00,2031/04/22,23:59,True
農曆初一,2031/05/21,00:00,2031/05/21,23:59,True
農曆初一,2031/06/20,00:00,2031/06/20,23:59,True
農曆初一,2031/07/19,00:00,2031/07/19,23:59,True
農曆初一,2031/08/18,00:00,2031/08/18,23:59,True
農曆初一,2031/09/17,00:00,2031/09/17,23:59,True
農曆初一,2031/10/16,00:00,2031/10/16,23:59,True
農曆初一,2031/11/15,00:00,2031/11/15,23:59,True
農曆初一,2031/12/14,00:00,2031/12/14,23:59,True
農曆初一,2032/01/13,00:00,2032/01/13,23:59,True
農曆初一,2032/02/11,00:00,2032/02/11,23:59,True
農曆初一,2032/03/12,00:00,2032/03/12,23:59,True
農曆初一,2032/04/10,00:00,2032/04/10,23:59,True
農曆初一,2032/05/09,00:00,2032/05/09,23:59,True
農曆初一,2032/06/08,00:00,2032/06/08,23:59,True
農曆初一,2032/07/07,00:00,2032/07/07,23:59,True
農曆初一,2032/08/06,00:00,2032/08/06,23:59,True
農曆初一,2032/09/05,00:00,2032/09/05,23:59,True
農曆初一,2032/10/04,00:00,2032/10/04,23:59,True
農曆初一,2032/11/03,00:00,2032/11/03,23:59,True
農曆初一,2032/12/03,00:00,2032/12/03,23:59,True
農曆初一,2033/01/01,00:00,2033/01/01,23:59,True
農曆初一,2033/01/31,00:00,2033/01/31,23:59,True
農曆初一,2033/03/01,00:00,2033/03/01,23:59,True
農曆初一,2033/03/31,00:00,2033/03/31,23:59,True
農曆初一,2033/04/29,00:00,2033/04/29,23:59,True
農曆初一,2033/05/28,00:00,2033/05/28,23:59,True
農曆初一,2033/06/27,00:00,2033/06/27,23:59,True
農曆初一,2033/07/26,00:00,2033/07/26,23:59,True
農曆初一,2033/08/25,00:00,2033/08/25,23:59,True
農曆初一,2033/09/23,00:00,2033/09/23,23:59,True
農曆初一,2033/10/23,00:00,2033/10/23,23:59,True
農曆初一,2033/11/22,00:00,2033/11/22,23:59,True
農曆初一,2033/12/22,00:00,2033/12/22,23:59,True
農曆初一,2034/01/20,00:00,2034/01/20,23:59,True
農曆初一,2034/02/19,00:00,2034/02/19,23:59,True
農曆初一,2034/03/20,00:00,2034/03/20,23:59,True
農曆初一,2034/04/19,00:00,2034/04/19,23:59,True
農曆初一,2034/05/18,00:00,2034/05/18,23:59,True
農曆初一,2034/06/16,00:00,2034/06/16,23:59,True
農曆初一,2034/07/16,00:00,2034/07/16,23:59,True
農曆初一,2034/08/14,00:00,2034/08/14,23:59,True
農曆初一,2034/09/13,00:00,2034/09/13,23:59,True
農曆初一,2034/10/12,00:00,2034/10/12,23:59,True
農曆初一,2034/11/11,00:00,2034/11/11,23:59,True
農曆初一,2034/12/11,00:00,2034/12/11,23:59,True
農曆初一,2035/01/09,00:00,2035/01/09,23:59,True
農曆初一,2035/02/08,00:00,2035/02/08,23:59,True
農曆初一,2035/03/10,00:00,2035/03/10,23:59,True
農曆初一,2035/04/08,00:00,2035/04/08,23:59,True
農曆初一,2035/05/08,00:00,2035/05/08,23:59,True
農曆初一,2035/06/06,00:00,2035/06/06,23:59,True
農曆初一,2035/07/05,00:00,2035/07/05,23:59,True
農曆初一,2035/08/04,00:00,2035/08/04,23:59,True
農曆初一,2035/09/02,00:00,2035/09/02,23:59,True
農曆初一,2035/10/01,00:00,2035/10/01,23:59,True
農曆初一,2035/10/31,00:00,2035/10/31,23:59,True
農曆初一,2035/11/30,00:00,2035/11/30,23:59,True
農曆初一,2035/12/29,00:00,2035/12/29,23:59,True
農曆初一,2036/01/28,00:00,2036/01/28,23:59,True
農曆初一,2036/02/27,00:00,2036/02/27,23:59,True
農曆初一,2036/03/28,00:00,2036/03/28,23:59,True
農曆初一,2036/04/26,00:00,2036/04/26,23:59,True
農曆初一,2036/05/26,00:00,2036/05/26,23:59,True
農曆初一,2036/06/24,00:00,2036/06/24,23:59,True
農曆初一,2036/07/23,00:00,2036/07/23,23:59,True
農曆初一,2036/08/22,00:00,2036/08/22,23:59,True
農曆初一,2036/09/20,00:00,2036/09/20,23:59,True
農曆初一,2036/10/19,00:00,2036/10/19,23:59,True
農曆初一,2036/11/18,00:00,2036/11/18,23:59,True
農曆初一,2036/12/17,00:00,2036/12/17,23:59,True
農曆初一,2037/01/16,00:00,2037/01/16,23:59,True
農曆初一,2037/02/15,00:00,2037/02/15,23:59,True
農曆初一,2037/03/17,00:00,2037/03/17,23:59,True
農曆初一,2037/04/16,00:00,2037/04/16,23:59,True
農曆初一,2037/05/15,00:00,2037/05/15,23:59,True
農曆初一,2037/06/14,00:00,2037/06/14,23:59,True
農曆初一,2037/07/13,00:00,2037/07/13,23:59,True
農曆初一,2037/08/11,00:00,2037/08/11,23:59,True
農曆初一,2037/09/10,00:00,2037/09/10,23:59,True
農曆初一,2037/10/09,00:00,2037/10/09,23:59,True
農曆初一,2037/11/07,00:00,2037/11/07,23:59,True
農曆初一,2037/12/07,00:00,2037/12/07,23:59,True
農曆初一,2038/01/05,00:00,2038/01/05,23:59,True
農曆初一,2038/02/04,00:00,2038/02/04,23:59,True
農曆初一,2038/03/06,00:00,2038/03/06,23:59,True
農曆初一,2038/04/05,00:00,2038/04/05,23:59,True
農曆初一,2038/05/04,00:00,2038/05/04,23:59,True
農曆初一,2038/06/03,00:00,2038/06/03,23:59,True
農曆初一,2038/07/02,00:00,2038/07/02,23:59,True
農曆初一,2038/08/01,00:00,2038/08/01,23:59,True
農曆初一,2038/08/30,00:00,2038/08/30,23:59,True
農曆初一,2038/09/29,00:00,2038/09/29,23:59,True
農曆初一,2038/10/28,00:00,2038/10/28,23:59,True
農曆初一,2038/11/26,00:00,2038/11/26,23:59,True
農曆初一,2038/12/26,00:00,2038/12/26,23:59,True
農曆初一,2039/01/24,00:00,2039/01/24,23:59,True
農曆初一,2039/02/23,00:00,2039/02/23,23:59,True
農曆初一,2039/03/25,00:00,2039/03/25,23:59,True
農曆初一,2039/04/23,00:00,2039/04/23,23:59,True
農曆初一,2039/05/23,00:00,2039/05/23,23:59,True
農曆初一,2039/06/22,00:00,2039/06/22,23:59,True
農曆初一,2039/07/21,00:00,2039/07/21,23:59,True
農曆初一,2039/08/20,00:00,2039/08/20,23:59,True
農曆初一,2039/09/18,00:00,2039/09/18,23:59,True
農曆初一,2039/10/18,00:00,2039/10/18,23:59,True
農曆初一,2039/11/16,00:00,2039/11/16,23:59,True
農曆初一,2039/12/16,00:00,2039/12/16,23:59,True
農曆初一,2040/01/14,00:00,2040/01/14,23:59,True
農曆初一,2040/02/12,00:00,2040/02/12,23:59,True
農曆初一,2040/03/13,00:00,2040/03/13,23:59,True
農曆初一,2040/04/11,00:00,2040/04/11,23:59,True
農曆初一,2040/05/11,00:00,2040/05/11,23:59,True
農曆初一,2040/06/10,00:00,2040/06/10,23:59,True
農曆初一,2040/07/09,00:00,2040/07/09,23:59,True
農曆初一,2040/08/08,00:00,2040/08/08,23:59,True
農曆初一,2040/09/06,00:00,2040/09/06,23:59,True
農曆初一,2040/10/06,00:00,2040/10/06,23:59,True
農曆初一,2040/11/05,00:00,2040/11/05,23:59,True
農曆初一,2040/12/04,00:00,2040/12/04,23:59,True
農曆初一,2041/01/03,00:00,2041/01/03,23:59,True
農曆初一,2041/02/01,00:00,2041/02/01,23:59,True
農曆初一,2041/03/02,00:00,2041/03/02,23:59,True
農曆初一,2041/04/01,00:00,2041/04/01,23:59,True
農曆初一,2041/04/30,00:00,2041/04/30,23:59,True
農曆初一,2041/05/30,00:00,2041/05/30,23:59,True
農曆初一,2041/06/28,00:00,2041/06/28,23:59,True
農曆初一,2041/07/28,00:00,2041/07/28,23:59,True
農曆初一,2041/08/27,00:00,2041/08/27,23:59,True
農曆初一,2041/09/25,00:00,2041/09/25,23:59,True
農曆初一,2041/10/25,00:00,2041/10/25,23:59,True
農曆初一,2041/11/24,00:00,2041/11/24,23:59,True
農曆初一,2041/12/23,00:00,2041/12/23,23:59,True
農曆初一,2042/01/22,00:00,2042/01/22,23:59,True
農曆初一,2042/02/20,00:00,2042/02/20,23:59,True
農曆初一,2042/03/22,00:00,2042/03/22,23:59,True
農曆初一,2042/04/20,00:00,2042/04/20,23:59,True
農曆初一,2042/05/19,00:00,2042/05/19,23:59,True
農曆初一,2042/06/18,00:00,2042/06/18,23:59,True
農曆初一,2042/07/17,00:00,2042/07/17,23:59,True
農曆初一,2042/08/16,00:00,2042/08/16,23:59,True
農曆初一,2042/09/14,00:00,2042/09/14,23:59,True
農曆初一,2042/10/14,00:00,2042/10/14,23:59,True
農曆初一,2042/11/13,00:00,2042/11/13,23:59,True
農曆初一,2042/12/12,00:00,2042/12/12,23:59,True
農曆初一,2043/01/11,00:00,2043/01/11,23:59,True
農曆初一,2043/02/10,00:00,2043/02/10,23:59,True
農曆初一,2043/03/11,00:00,2043/03/11,23:59,True
農曆初一,2043/04/10,00:00,2043/04/10,23:59,True
農曆初一,2043/05/09,00:00,2043/05/09,23:59,True
農曆初一,2043/06/07,00:00,2043/06/07,23:59,True
農曆初一,2043/07/07,00:00,2043/07/07,23:59,True
農曆初一,2043/08/05,00:00,2043/08/05,23:59,True
農曆初一,2043/09/03,00:00,2043/09/03,23:59,True
農曆初一,2043/10/03,00:00,2043/10/03,23:59,True
農曆初一,2043/11/02,00:00,2043/11/02,23:59,True
農曆初一,2043/12/01,00:00,2043/12/01,23:59,True
農曆初一,2043/12/31,00:00,2043/12/31,23:59,True
農曆初一,2044/01/30,00:00,2044/01/30,23:59,True
農曆初一,2044/02/29,00:00,2044/02/29,23:59,True
農曆初一,2044/03/29,00:00,2044/03/29,23:59,True
農曆初一,2044/04/28,00:00,2044/04/28,23:59,True
農曆初一,2044/05/27,00:00,2044/05/27,23:59,True
農曆初一,2044/06/25,00:00,2044/06/25,23:59,True
農曆初一,2044/07/25,00:00,2044/07/25,23:59,True
農曆初一,2044/08/23,00:00,2044/08/23,23:59,True
農曆初一,2044/09/21,00:00,2044/09/21,23:59,True
農曆初一,2044/10/21,00:00,2044/10/21,23:59,True
農曆初一,2044/11/19,00:00,2044/11/19,23:59,True
農曆初一,2044/12/19,00:00,2044/12/19,23:59,True
農曆初一,2045/01/18,00:00,2045/01/18,23:59,True
農曆初一,2045/02/17,00:00,2045/02/17,23:59,True
農曆初一,2045/03/19,00:00,2045/03/19,23:59,True
農曆初一,2045/04/17,00:00,2045/04/17,23:59,True
農曆初一,2045/05/17,00:00,2045/05/17,23:59,True
農曆初一,2045/06/15,00:00,2045/06/15,23:59,True
農曆初一,2045/07/14,00:00,2045/07/14,23:59,True
農曆初一,2045/08/13,00:00,2045/08/13,23:59,True
農曆初一,2045/09/11,00:00,2045/09/11,23:59,True
農曆初一,2045/10/10,00:00,2045/10/10,23:59,True
農曆初一,2045/11/09,00:00,2045/11/09,23:59,True
農曆初一,2045/12/08,00:00,2045/12/08,23:59,True
農曆初一,2046/01/07,00:00,2046/01/07,23:59,True
農曆初一,2046/02/06,00:00,2046/02/06,23:59,True
農曆初一,2046/03/08,00:00,2046/03/08,23:59,True
農曆初一,2046/04/06,00:00,2046/04/06,23:59,True
農曆初一,2046/05/06,00:00,2046/05/06,23:59,True
農曆初一,2046/06/04,00:00,2046/06/04,23:59,True
農曆初一,2046/07/04,00:00,2046/07/04,23:59,True
農曆初一,2046/08/02,00:00,2046/08/02,23:59,True
農曆初一,2046/09/01,00:00,2046/09/01,23:59,True
農曆初一,2046/09/30,00:00,2046/09/30,23:59,True
農曆初一,2046/10/29,00:00,2046/10/29,23:59,True
農曆初一,2046/11/28,00:00,2046/11/28,23:59,True
農曆初一,2046/12/27,00:00,2046/12/27,23:59,True
農曆初一,2047/01/26,00:00,2047/01/26,23:59,True
農曆初一,2047/02/25,00:00,2047/02/25,23:59,True
農曆初一,2047/03/26,00:00,2047/03/26,23:59,True
農曆初一,2047/04/25,00:00,2047/04/25,23:59,True
農曆初一,2047/05/25,00:00,2047/05/25,23:59,True
農曆初一,2047/06/23,00:00,2047/06/23,23:59,True
農曆初一,2047/07/23,00:00,2047/07/23,23:59,True
農曆初一,2047/08/21,00:00,2047/08/21,23:59,True
農曆初一,2047/09/20,00:00,2047/09/20,23:59,True
農曆初一,2047/10/19,00:00,2047/10/19,23:59,True
農曆初一,2047/11/17,00:00,2047/11/17,23:59,True
農曆初一,2047/12/17,00:00,2047/12/17,23:59,True
農曆初一,2048/01/15,00:00,2048/01/15,23:59,True
農曆初一,2048/02/14,00:00,2048/02/14,23:59,True
農曆初一,2048/03/14,00:00,2048/03/14,23:59,True
農曆初一,2048/04/13,00:00,2048/04/13,23:59,True
農曆初一,2048/05/13,00:00,2048/05/13,23:59,True
農曆初一,2048/06/11,00:00,2048/06/11,23:59,True
農曆初一,2048/07/11,00:00,2048/07/11,23:59,True
農曆初一,2048/08/10,00:00,2048/08/10,23:59,True
農曆初一,2048/09/08,00:00,2048/09/08,23:59,True
農曆初一,2048/10/08,00:00,2048/10/08,23:59,True
農曆初一,2048/11/06,00:00,2048/11/06,23:59,True
農曆初一,2048/12/05,00:00,2048/12/05,23:59,True
農曆初一,2049/01/04,00:00,2049/01/04,23:59,True
農曆初一,2049/02/02,00:00,2049/02/02,23:59,True
農曆初一,2049/03/04,00:00,2049/03/04,23:59,True
農曆初一,2049/04/02,00:00,2049/04/02,23:59,True
農曆初一,2049/05/02,00:00,2049/05/02,23:59,True
農曆初一,2049/05/31,00:00,2049/05/31,23:59,True
農曆初一,2049/06/30,00:00,2049/06/30,23:59,True
農曆初一,2049/07/30,00:00,2049/07/30,23:59,True
農曆初一,2049/08/28,00:00,2049/08/28,23:59,True
農曆初一,2049/09/27,00:00,2049/09/27,23:59,True
農曆初一,2049/10/27,00:00,2049/10/27,23:59,True
農曆初一,2049/11/25,00:00,2049/11/25,23:59,True
農曆初一,2049/12/25,00:00,2049/12/25,23:59,True
農曆初一,2050/01/23,00:00,2050/01/23,23:59,True
農曆初一,2050/02/21,00:00,2050/02/21,23:59,True
農曆初一,2050/03/23,00:00,2050/03/23,23:59,True
農曆初一,2050/04/21,00:00,2050/04/21,23:59,True
農曆初一,2050/05/21,00:00,2050/05/21,23:59,True
農曆初一,2050/06/19,00:00,2050/06/19,23:59,True
農曆初一,2050/07/19,00:00,2050/07/19,23:59,True
農曆初一,2050/08/17,00:00,2050/08/17,23:59,True
農曆初一,2050/09/16,00:00,2050/09/16,23:59,True
農曆初一,2050/10/16,00:00,2050/10/16,23:59,True
農曆初一,2050/11/14,00:00,2050/11/14,23:59,True
農曆初一,2050/12/14,00:00,2050/12/14,23:59,True
農曆初一,2051/01/13,00:00,2051/01/13,23:59,True
農曆初一,2051/02/11,00:00,2051/02/11,23:59,True
農曆初一,2051/03/13,00:00,2051/03/13,23:59,True
農曆初一,2051/04/11,00:00,2051/04/11,23:59,True
農曆初一,2051/05/10,00:00,2051/05/10,23:59,True
農曆初一,2051/06/09,00:00,2051/06/09,23:59,True
農曆初一,2051/07/08,00:00,2051/07/08,23:59,True
農曆初一,2051/08/06,00:00,2051/08/06,23:59,True
農曆初一,2051/09/05,00:00,2051/09/05,23:59,True
農曆初一,2051/10/05,00:00,2051/10/05,23:59,True
農曆初一,2051/11/03,00:00,2051/11/03,23:59,True
農曆初一,2051/12/03,00:00,2051/12/03,23:59,True
農曆初一,2052/01/02,00:00,2052/01/02,23:59,True
農曆初一,2052/02/01,00:00,2052/02/01,23:59,True
農曆初一,2052/03/01,00:00,2052/03/01,23:59,True
農曆初一,2052/03/31,00:00,2052/03/31,23:59,True
農曆初一,2052/04/29,00:00,2052/04/29,23:59,True
農曆初一,2052/05/28,00:00,2052/05/28,23:59,True
農曆初一,2052/06/27,00:00,2052/06/27,23:59,True
農曆初一,2052/07/26,00:00,2052/07/26,23:59,True
農曆初一,2052/08/24,00:00,2052/08/24,23:59,True
農曆初一,2052/09/23,00:00,2052/09/23,23:59,True
農曆初一,2052/10/22,00:00,2052/10/22,23:59,True
農曆初一,2052/11/21,00:00,2052/11/21,23:59,True
農曆初一,2052/12/21,00:00,2052/12/21,23:59,True
農曆初一,2053/01/20,00:00,2053/01/20,23:59,True
農曆初一,2053/02/19,00:00,2053/02/19,23:59,True
農曆初一,2053/03/20,00:00,2053/03/20,23:59,True
農曆初一,2053/04/19,00:00,2053/04/19,23:59,True
農曆初一,2053/05/18,00:00,2053/05/18,23:59,True
農曆初一,2053/06/16,00:00,2053/06/16,23:59,True
農曆初一,2053/07/16,00:00,2053/07/16,23:59,True
農曆初一,2053/08/14,00:00,2053/08/14,23:59,True
農曆初一,2053/09/12,00:00,2053/09/12,23:59,True
農曆初一,2053/10/12,00:00,2053/10/12,23:59,True
農曆初一,2053/11/10,00:00,2053/11/10,23:59,True
農曆初一,2053/12/10,00:00,2053/12/10,23:59,True
農曆初一,2054/01/09,00:00,2054/01/09,23:59,True
農曆初一,2054/02/08,00:00,2054/02/08,23:59,True
農曆初一,2054/03/09,00:00,2054/03/09,23:59,True
農曆初一,2054/04/08,00:00,2054/04/08,23:59,True
農曆初一,2054/05/08,00:00,2054/05/08,23:59,True
農曆初一,2054/06/06,00:00,2054/06/06,23:59,True
農曆初一,2054/07/05,00:00,2054/07/05,23:59,True
農曆初一,2054/08/04,00:00,2054/08/04,23:59,True
農曆初一,2054/09/02,00:00,2054/09/02,23:59,True
農曆初一,2054/10/01,00:00,2054/10/01,23:59,True
農曆初一,2054/10/31,00:00,2054/10/31,23:59,True
農曆初一,2054/11/29,00:00,2054/11/29,23:59,True
農曆初一,2054/12/29,00:00,2054/12/29,23:59,True
農曆初一,2055/01/28,00:00,2055/01/28,23:59,True
農曆初一,2055/02/26,00:00,2055/02/26,23:59,True
農曆初一,2055/03/28,00:00,2055/03/28,23:59,True
農曆初一,2055/04/27,00:00,2055/04/27,23:59,True
農曆初一,2055/05/26,00:00,2055/05/26,23:59,True
農曆初一,2055/06/25,00:00,2055/06/25,23:59,True
農曆初一,2055/07/24,00:00,2055/07/24,23:59,True
農曆初一,2055/08/23,00:00,2055/08/23,23:59,True
農曆初一,2055/09/21,00:00,2055/09/21,23:59,True
農曆初一,2055/10/20,00:00,2055/10/20,23:59,True
農曆初一,2055/11/19,00:00,2055/11/19,23:59,True
農曆初一,2055/12/18,00:00,2055/12/18,23:59,True
農曆初一,2056/01/17,00:00,2056/01/17,23:59,True
農曆初一,2056/02/15,00:00,2056/02/15,23:59,True
農曆初一,2056/03/16,00:00,2056/03/16,23:59,True
農曆初一,2056/04/15,00:00,2056/04/15,23:59,True
農曆初一,2056/05/15,00:00,2056/05/15,23:59,True
農曆初一,2056/06/13,00:00,2056/06/13,23:59,True
農曆初一,2056/07/13,00:00,2056/07/13,23:59,True
農曆初一,2056/08/11,00:00,2056/08/11,23:59,True
農曆初一,2056/09/10,00:00,2056/09/10,23:59,True
農曆初一,2056/10/09,00:00,2056/10/09,23:59,True
農曆初一,2056/11/07,00:00,2056/11/07,23:59,True
農曆初一,2056/12/07,00:00,2056/12/07,23:59,True
農曆初一,2057/01/05,00:00,2057/01/05,23:59,True
農曆初一,2057/02/04,00:00,2057/02/04,23:59,True
農曆初一,2057/03/05,00:00,2057/03/05,23:59,True
農曆初一,2057/04/04,00:00,2057/04/04,23:59,True
農曆初一,2057/05/04,00:00,2057/05/04,23:59,True
農曆初一,2057/06/02,00:00,2057/06/02,23:59,True
農曆初一,2057/07/02,00:00,2057/07/02,23:59,True
農曆初一,2057/07/31,00:00,2057/07/31,23:59,True
農曆初一,2057/08/30,00:00,2057/08/30,23:59,True
農曆初一,2057/09/28,00:00,2057/09/28,23:59,True
農曆初一,2057/10/28,00:00,2057/10/28,23:59,True
農曆初一,2057/11/26,00:00,2057/11/26,23:59,True
農曆初一,2057/12/26,00:00,2057/12/26,23:59,True
農曆初一,2058/01/24,00:00,2058/01/24,23:59,True
農曆初一,2058/02/23,00:00,2058/02/23,23:59,True
農曆初一,2058/03/24,00:00,2058/03/24,23:59,True
農曆初一,2058/04/23,00:00,2058/04/23,23:59,True
農曆初一,2058/05/22,00:00,2058/05/22,23:59,True
農曆初一,2058/06/21,00:00,2058/06/21,23:59,True
農曆初一,2058/07/20,00:00,2058/07/20,23:59,True
農曆初一,2058/08/19,00:00,2058/08/19,23:59,True
農曆初一,2058/09/18,00:00,2058/09/18,23:59,True
農曆初一,2058/10/17,00:00,2058/10/17,23:59,True
農曆初一,2058/11/16,00:00,2058/11/16,23:59,True
農曆初一,2058/12/16,00:00,2058/12/16,23:59,True
農曆初一,2059/01/14,00:00,2059/01/14,23:59,True
農曆初一,2059/02/12,00:00,2059/02/12,23:59,True
農曆初一,2059/03/14,00:00,2059/03/14,23:59,True
農曆初一,2059/04/12,00:00,2059/04/12,23:59,True
農曆初一,2059/05/12,00:00,2059/05/12,23:59,True
農曆初一,2059/06/10,00:00,2059/06/10,23:59,True
農曆初一,2059/07/10,00:00,2059/07/10,23:59,True
農曆初一,2059/08/08,00:00,2059/08/08,23:59,True
農曆初一,2059/09/07,00:00,2059/09/07,23:59,True
農曆初一,2059/10/06,00:00,2059/10/06,23:59,True
農曆初一,2059/11/05,00:00,2059/11/05,23:59,True
農曆初一,2059/12/05,00:00,2059/12/05,23:59,True
農曆初一,2060/01/04,00:00,2060/01/04,23:59,True
農曆初一,2060/02/02,00:00,2060/02/02,23:59,True
農曆初一,2060/03/03,00:00,2060/03/03,23:59,True
農曆初一,2060/04/01,00:00,2060/04/01,23:59,True
農曆初一,2060/04/30,00:00,2060/04/30,23:59,True
農曆初一,2060/05/30,00:00,2060/05/30,23:59,True
農曆初一,2060/06/28,00:00,2060/06/28,23:59,True
農曆初一,2060/07/27,00:00,2060/07/27,23:59,True
農曆初一,2060/08/26,00:00,2060/08/26,23:59,True
農曆初一,2060/09/24,00:00,2060/09/24,23:59,True
農曆初一,2060/10/24,00:00,2060/10/24,23:59,True
農曆初一,2060/11/23,00:00,2060/11/23,23:59,True
農曆初一,2060/12/23,00:00,2060/12/23,23:59,True
農曆初一,2061/01/21,00:00,2061/01/21,23:59,True
農曆初一,2061/02/20,00:00,2061/02/20,23:59,True
農曆初一,2061/03/22,00:00,2061/03/22,23:59,True
農曆初一,2061/04/20,00:00,2061/04/20,23:59,True
農曆初一,2061/05/19,00:00,2061/05/19,23:59,True
農曆初一,2061/06/18,00:00,2061/06/18,23:59,True
農曆初一,2061/07/17,00:00,2061/07/17,23:59,True
農曆初一,2061/08/15,00:00,2061/08/15,23:59,True
農曆初一,2061/09/14,00:00,2061/09/14,23:59,True
農曆初一,2061/10/13,00:00,2061/10/13,23:59,True
農曆初一,2061/11/12,00:00,2061/11/12,23:59,True
農曆初一,2061/12/12,00:00,2061/12/12,23:59,True
農曆初一,2062/01/11,00:00,2062/01/11,23:59,True
農曆初一,2062/02/09,00:00,2062/02/09,23:59,True
農曆初一,2062/03/11,00:00,2062/03/11,23:59,True
農曆初一,2062/04/10,00:00,2062/04/10,23:59,True
農曆初一,2062/05/09,00:00,2062/05/09,23:59,True
農曆初一,2062/06/07,00:00,2062/06/07,23:59,True
農曆初一,2062/07/07,00:00,2062/07/07,23:59,True
農曆初一,2062/08/05,00:00,2062/08/05,23:59,True
農曆初一,2062/09/03,00:00,2062/09/03,23:59,True
農曆初一,2062/10/03,00:00,2062/10/03,23:59,True
農曆初一,2062/11/01,00:00,2062/11/01,23:59,True
農曆初一,2062/12/01,00:00,2062/12/01,23:59,True
農曆初一,2062/12/31,00:00,2062/12/31,23:59,True
農曆初一,2063/01/29,00:00,2063/01/29,23:59,True
農曆初一,2063/02/28,00:00,2063/02/28,23:59,True
農曆初一,2063/03/30,00:00,2063/03/30,23:59,True
農曆初一,2063/04/28,00:00,2063/04/28,23:59,True
農曆初一,2063/05/28,00:00,2063/05/28,23:59,True
農曆初一,2063/06/26,00:00,2063/06/26,23:59,True
農曆初一,2063/07/26,00:00,2063/07/26,23:59,True
農曆初一,2063/08/24,00:00,2063/08/24,23:59,True
農曆初一,2063/09/22,00:00,2063/09/22,23:59,True
農曆初一,2063/10/22,00:00,2063/10/22,23:59,True
農曆初一,2063/11/20,00:00,2063/11/20,23:59,True
農曆初一,2063/12/20,00:00,2063/12/20,23:59,True
農曆初一,2064/01/18,00:00,2064/01/18,23:59,True
農曆初一,2064/02/17,00:00,2064/02/17,23:59,True
農曆初一,2064/03/18,00:00,2064/03/18,23:59,True
農曆初一,2064/04/17,00:00,2064/04/17,23:59,True
農曆初一,2064/05/16,00:00,2064/05/16,23:59,True
農曆初一,2064/06/15,00:00,2064/06/15,23:59,True
農曆初一,2064/07/14,00:00,2064/07/14,23:59,True
農曆初一,2064/08/13,00:00,2064/08/13,23:59,True
農曆初一,2064/09/11,00:00,2064/09/11,23:59,True
農曆初一,2064/10/10,00:00,2064/10/10,23:59,True
農曆初一,2064/11/09,00:00,2064/11/09,23:59,True
農曆初一,2064/12/08,00:00,2064/12/08,23:59,True
農曆初一,2065/01/07,00:00,2065/01/07,23:59,True
農曆初一,2065/02/05,00:00,2065/02/05,23:59,True
農曆初一,2065/03/07,00:00,2065/03/07,23:59,True
農曆初一,2065/04/06,00:00,2065/04/06,23:59,True
農曆初一,2065/05/05,00:00,2065/05/05,23:59,True
農曆初一,2065/06/04,00:00,2065/06/04,23:59,True
農曆初一,2065/07/04,00:00,2065/07/04,23:59,True
農曆初一,2065/08/02,00:00,2065/08/02,23:59,True
農曆初一,2065/09/01,00:00,2065/09/01,23:59,True
農曆初一,2065/09/30,00:00,2065/09/30,23:59,True
農曆初一,2065/10/29,00:00,2065/10/29,23:59,True
農曆初一,2065/11/28,00:00,2065/11/28,23:59,True
農曆初一,2065/12/27,00:00,2065/12/27,23:59,True
農曆初一,2066/01/26,00:00,2066/01/26,23:59,True
農曆初一,2066/02/24,00:00,2066/02/24,23:59,True
農曆初一,2066/03/26,00:00,2066/03/26,23:59,True
農曆初一,2066/04/24,00:00,2066/04/24,23:59,True
農曆初一,2066/05/24,00:00,2066/05/24,23:59,True
農曆初一,2066/06/23,00:00,2066/06/23,23:59,True
農曆初一,2066/07/22,00:00,2066/07/22,23:59,True
農曆初一,2066/08/21,00:00,2066/08/21,23:59,True
農曆初一,2066/09/19,00:00,2066/09/19,23:59,True
農曆初一,2066/10/19,00:00,2066/10/19,23:59,True
農曆初一,2066/11/17,00:00,2066/11/17,23:59,True
農曆初一,2066/12/17,00:00,2066/12/17,23:59,True
農曆初一,2067/01/15,00:00,2067/01/15,23:59,True
農曆初一,2067/02/14,00:00,2067/02/14,23:59,True
農曆初一,2067/03/15,00:00,2067/03/15,23:59,True
農曆初一,2067/04/14,00:00,2067/04/14,23:59,True
農曆初一,2067/05/13,00:00,2067/05/13,23:59,True
農曆初一,2067/06/12,00:00,2067/06/12,23:59,True
農曆初一,2067/07/11,00:00,2067/07/11,23:59,True
農曆初一,2067/08/10,00:00,2067/08/10,23:59,True
農曆初一,2067/09/09,00:00,2067/09/09,23:59,True
農曆初一,2067/10/08,00:00,2067/10/08,23:59,True
農曆初一,2067/11/07,00:00,2067/11/07,23:59,True
農曆初一,2067/12/06,00:00,2067/12/06,23:59,True
農曆初一,2068/01/05,00:00,2068/01/05,23:59,True
農曆初一,2068/02/03,00:00,2068/02/03,23:59,True
農曆初一,2068/03/04,00:00,2068/03/04,23:59,True
農曆初一,2068/04/02,00:00,2068/04/02,23:59,True
農曆初一,2068/05/02,00:00,2068/05/02,23:59,True
農曆初一,2068/05/31,00:00,2068/05/31,23:59,True
農曆初一,2068/06/29,00:00,2068/06/29,23:59,True
農曆初一,2068/07/29,00:00,2068/07/29,23:59,True
農曆初一,2068/08/28,00:00,2068/08/28,23:59,True
農曆初一,2068/09/26,00:00,2068/09/26,23:59,True
農曆初一,2068/10/26,00:00,2068/10/26,23:59,True
農曆初一,2068/11/25,00:00,2068/11/25,23:59,True
農曆初一,2068/12/24,00:00,2068/12/24,23:59,True
農曆初一,2069/01/23,00:00,2069/01/23,23:59,True
農曆初一,2069/02/21,00:00,2069/02/21,23:59,True
農曆初一,2069/03/23,00:00,2069/03/23,23:59,True
農曆初一,2069/04/21,00:00,2069/04/21,23:59,True
農曆初一,2069/05/21,00:00,2069/05/21,23:59,True
農曆初一,2069/06/19,00:00,2069/06/19,23:59,True
農曆初一,2069/07/18,00:00,2069/07/18,23:59,True
農曆初一,2069/08/17,00:00,2069/08/17,23:59,True
農曆初一,2069/09/15,00:00,2069/09/15,23:59,True
農曆初一,2069/10/15,00:00,2069/10/15,23:59,True
農曆初一,2069/11/14,00:00,2069/11/14,23:59,True
農曆初一,2069/12/14,00:00,2069/12/14,23:59,True
農曆初一,2070/01/12,00:00,2070/01/12,23:59,True
農曆初一,2070/02/11,00:00,2070/02/11,23:59,True
農曆初一,2070/03/12,00:00,2070/03/12,23:59,True
農曆初一,2070/04/11,00:00,2070/04/11,23:59,True
農曆初一,2070/05/10,00:00,2070/05/10,23:59,True
農曆初一,2070/06/09,00:00,2070/06/09,23:59,True
農曆初一,2070/07/08,00:00,2070/07/08,23:59,True
農曆初一,2070/08/06,00:00,2070/08/06,23:59,True
農曆初一,2070/09/05,00:00,2070/09/05,23:59,True
農曆初一,2070/10/04,00:00,2070/10/04,23:59,True
農曆初一,2070/11/03,00:00,2070/11/03,23:59,True
農曆初一,2070/12/03,00:00,2070/12/03,23:59,True
農曆初一,2071/01/01,00:00,2071/01/01,23:59,True
農曆初一,2071/01/31,00:00,2071/01/31,23:59,True
農曆初一,2071/03/02,00:00,2071/03/02,23:59,True
農曆初一,2071/03/31,00:00,2071/03/31,23:59,True
農曆初一,2071/04/30,00:00,2071/04/30,23:59,True
農曆初一,2071/05/29,00:00,2071/05/29,23:59,True
農曆初一,2071/06/28,00:00,2071/06/28,23:59,True
農曆初一,2071/07/27,00:00,2071/07/27,23:59,True
農曆初一,2071/08/25,00:00,2071/08/25,23:59,True
農曆初一,2071/09/24,00:00,2071/09/24,23:59,True
農曆初一,2071/10/23,00:00,2071/10/23,23:59,True
農曆初一,2071/11/22,00:00,2071/11/22,23:59,True
農曆初一,2071/12/21,00:00,2071/12/21,23:59,True
農曆初一,2072/01/20,00:00,2072/01/20,23:59,True
農曆初一,2072/02/19,00:00,2072/02/19,23:59,True
農曆初一,2072/03/20,00:00,2072/03/20,23:59,True
農曆初一,2072/04/18,00:00,2072/04/18,23:59,True
農曆初一,2072/05/18,00:00,2072/05/18,23:59,True
農曆初一,2072/06/16,00:00,2072/06/16,23:59,True
農曆初一,2072/07/16,00:00,2072/07/16,23:59,True
農曆初一,2072/08/14,00:00,2072/08/14,23:59,True
農曆初一,2072/09/12,00:00,2072/09/12,23:59,True
農曆初一,2072/10/12,00:00,2072/10/12,23:59,True
農曆初一,2072/11/10,00:00,2072/11/10,23:59,True
農曆初一,2072/12/10,00:00,2072/12/10,23:59,True
農曆初一,2073/01/08,00:00,2073/01/08,23:59,True
農曆初一,2073/02/07,00:00,2073/02/07,23:59,True
農曆初一,2073/03/09,00:00,2073/03/09,23:59,True
農曆初一,2073/04/07,00:00,2073/04/07,23:59,True
農曆初一,2073/05/07,00:00,2073/05/07,23:59,True
農曆初一,2073/06/06,00:00,2073/06/06,23:59,True
農曆初一,2073/07/05,00:00,2073/07/05,23:59,True
農曆初一,2073/08/04,00:00,2073/08/04,23:59,True
農曆初一,2073/09/02,00:00,2073/09/02,23:59,True
農曆初一,2073/10/01,00:00,2073/10/01,23:59,True
農曆初一,2073/10/31,00:00,2073/10/31,23:59,True
農曆初一,2073/11/29,00:00,2073/11/29,23:59,True
農曆初一,2073/12/29,00:00,2073/12/29,23:59,True
農曆初一,2074/01/27,00:00,2074/01/27,23:59,True
農曆初一,2074/02/26,00:00,2074/02/26,23:59,True
農曆初一,2074/03/27,00:00,2074/03/27,23:59,True
農曆初一,2074/04/26,00:00,2074/04/26,23:59,True
農曆初一,2074/05/26,00:00,2074/05/26,23:59,True
農曆初一,2074/06/24,00:00,2074/06/24,23:59,True
農曆初一,2074/07/24,00:00,2074/07/24,23:59,True
農曆初一,2074/08/22,00:00,2074/08/22,23:59,True
農曆初一,2074/09/21,00:00,2074/09/21,23:59,True
農曆初一,2074/10/20,00:00,2074/10/20,23:59,True
農曆初一,2074/11/19,00:00,2074/11/19,23:59,True
農曆初一,2074/12/18,00:00,2074/12/18,23:59,True
農曆初一,2075/01/17,00:00,2075/01/17,23:59,True
農曆初一,2075/02/15,00:00,2075/02/15,23:59,True
農曆初一,2075/03/17,00:00,2075/03/17,23:59,True
農曆初一,2075/04/15,00:00,2075/04/15,23:59,True
農曆初一,2075/05/15,00:00,2075/05/15,23:59,True
農曆初一,2075/06/13,00:00,2075/06/13,23:59,True
農曆初一,2075/07/13,00:00,2075/07/13,23:59,True
農曆初一,2075/08/12,00:00,2075/08/12,23:59,True
農曆初一,2075/09/10,00:00,2075/09/10,23:59,True
農曆初一,2075/10/10,00:00,2075/10/10,23:59,True
農曆初一,2075/11/08,00:00,2075/11/08,23:59,True
農曆初一,2075/12/08,00:00,2075/12/08,23:59,True
農曆初一,2076/01/06,00:00,2076/01/06,23:59,True
農曆初一,2076/02/05,00:00,2076/02/05,23:59,True
農曆初一,2076/03/05,00:00,2076/03/05,23:59,True
農曆初一,2076/04/04,00:00,2076/04/04,23:59,True
農曆初一,2076/05/03,00:00,2076/05/03,23:59,True
農曆初一,2076/06/02,00:00,2076/06/02,23:59,True
農曆初一,2076/07/01,00:00,2076/07/01,23:59,True
農曆初一,2076/07/31,00:00,2076/07/31,23:59,True
農曆初一,2076/08/29,00:00,2076/08/29,23:59,True
農曆初一,2076/09/28,00:00,2076/09/28,23:59,True
農曆初一,2076/10/28,00:00,2076/10/28,23:59,True
農曆初一,2076/11/26,00:00,2076/11/26,23:59,True
農曆初一,2076/12/26,00:00,2076/12/26,23:59,True
農曆初一,2077/01/24,00:00,2077/01/24,23:59,True
農曆初一,2077/02/23,00:00,2077/02/23,23:59,True
農曆初一,2077/03/24,00:00,2077/03/24,23:59,True
農曆初一,2077/04/23,00:00,2077/04/23,23:59,True
農曆初一,2077/05/22,00:00,2077/05/22,23:59,True
農曆初一,2077/06/20,00:00,2077/06/20,23:59,True
農曆初一,2077/07/20,00:00,2077/07/20,23:59,True
農曆初一,2077/08/18,00:00,2077/08/18,23:59,True
農曆初一,2077/09/17,00:00,2077/09/17,23:59,True
農曆初一,2077/10/17,00:00,2077/10/17,23:59,True
農曆初一,2077/11/16,00:00,2077/11/16,23:59,True
農曆初一,2077/12/15,00:00,2077/12/15,23:59,True
農曆初一,2078/01/14,00:00,2078/01/14,23:59,True
農曆初一,2078/02/12,00:00,2078/02/12,23:59,True
農曆初一,2078/03/14,00:00,2078/03/14,23:59,True
農曆初一,2078/04/12,00:00,2078/04/12,23:59,True
農曆初一,2078/05/12,00:00,2078/05/12,23:59,True
農曆初一,2078/06/10,00:00,2078/06/10,23:59,True
農曆初一,2078/07/09,00:00,2078/07/09,23:59,True
農曆初一,2078/08/08,00:00,2078/08/08,23:59,True
農曆初一,2078/09/06,00:00,2078/09/06,23:59,True
農曆初一,2078/10/06,00:00,2078/10/06,23:59,True
農曆初一,2078/11/05,00:00,2078/11/05,23:59,True
農曆初一,2078/12/04,00:00,2078/12/04,23:59,True
農曆初一,2079/01/03,00:00,2079/01/03,23:59,True
農曆初一,2079/02/02,00:00,2079/02/02,23:59,True
農曆初一,2079/03/03,00:00,2079/03/03,23:59,True
農曆初一,2079/04/02,00:00,2079/04/02,23:59,True
農曆初一,2079/05/01,00:00,2079/05/01,23:59,True
農曆初一,2079/05/31,00:00,2079/05/31,23:59,True
農曆初一,2079/06/29,00:00,2079/06/29,23:59,True
農曆初一,2079/07/28,00:00,2079/07/28,23:59,True
農曆初一,2079/08/27,00:00,2079/08/27,23:59,True
農曆初一,2079/09/25,00:00,2079/09/25,23:59,True
農曆初一,2079/10/25,00:00,2079/10/25,23:59,True
農曆初一,2079/11/23,00:00,2079/11/23,23:59,True
農曆初一,2079/12/23,00:00,2079/12/23,23:59,True
農曆初一,2080/01/22,00:00,2080/01/22,23:59,True
農曆初一,2080/02/21,00:00,2080/02/21,23:59,True
農曆初一,2080/03/21,00:00,2080/03/21,23:59,True
農曆初一,2080/04/20,00:00,2080/04/20,23:59,True
農曆初一,2080/05/19,00:00,2080/05/19,23:59,True
農曆初一,2080/06/18,00:00,2080/06/18,23:59,True
農曆初一,2080/07/17,00:00,2080/07/17,23:59,True
農曆初一,2080/08/15,00:00,2080/08/15,23:59,True
農曆初一,2080/09/14,00:00,2080/09/14,23:59,True
農曆初一,2080/10/13,00:00,2080/10/13,23:59,True
農曆初一,2080/11/11,00:00,2080/11/11,23:59,True
農曆初一,2080/12/11,00:00,2080/12/11,23:59,True
農曆初一,2081/01/10,00:00,2081/01/10,23:59,True
農曆初一,2081/02/09,00:00,2081/02/09,23:59,True
農曆初一,2081/03/10,00:00,2081/03/10,23:59,True
農曆初一,2081/04/09,00:00,2081/04/09,23:59,True
農曆初一,2081/05/09,00:00,2081/05/09,23:59,True
農曆初一,2081/06/07,00:00,2081/06/07,23:59,True
農曆初一,2081/07/07,00:00,2081/07/07,23:59,True
農曆初一,2081/08/05,00:00,2081/08/05,23:59,True
農曆初一,2081/09/03,00:00,2081/09/03,23:59,True
農曆初一,2081/10/03,00:00,2081/10/03,23:59,True
農曆初一,2081/11/01,00:00,2081/11/01,23:59,True
農曆初一,2081/11/30,00:00,2081/11/30,23:59,True
農曆初一,2081/12/30,00:00,2081/12/30,23:59,True
農曆初一,2082/01/29,00:00,2082/01/29,23:59,True
農曆初一,2082/02/27,00:00,2082/02/27,23:59,True
農曆初一,2082/03/29,00:00,2082/03/29,23:59,True
農曆初一,2082/04/28,00:00,2082/04/28,23:59,True
農曆初一,2082/05/28,00:00,2082/05/28,23:59,True
農曆初一,2082/06/26,00:00,2082/06/26,23:59,True
農曆初一,2082/07/25,00:00,2082/07/25,23:59,True
農曆初一,2082/08/24,00:00,2082/08/24,23:59,True
農曆初一,2082/09/22,00:00,2082/09/22,23:59,True
農曆初一,2082/10/22,00:00,2082/10/22,23:59,True
農曆初一,2082/11/20,00:00,2082/11/20,23:59,True
農曆初一,2082/12/19,00:00,2082/12/19,23:59,True
農曆初一,2083/01/18,00:00,2083/01/18,23:59,True
農曆初一,2083/02/17,00:00,2083/02/17,23:59,True
農曆初一,2083/03/18,00:00,2083/03/18,23:59,True
農曆初一,2083/04/17,00:00,2083/04/17,23:59,True
農曆初一,2083/05/17,00:00,2083/05/17,23:59,True
農曆初一,2083/06/15,00:00,2083/06/15,23:59,True
農曆初一,2083/07/15,00:00,2083/07/15,23:59,True
農曆初一,2083/08/13,00:00,2083/08/13,23:59,True
農曆初一,2083/09/12,00:00,2083/09/12,23:59,True
農曆初一,2083/10/11,00:00,2083/10/11,23:59,True
農曆初一,2083/11/10,00:00,2083/11/10,23:59,True
農曆初一,2083/12/09,00:00,2083/12/09,23:59,True
農曆初一,2084/01/08,00:00,2084/01/08,23:59,True
農曆初一,2084/02/06,00:00,2084/02/06,23:59,True
農曆初一,2084/03/07,00:00,2084/03/07,23:59,True
農曆初一,2084/04/05,00:00,2084/04/05,23:59,True
農曆初一,2084/05/05,00:00,2084/05/05,23:59,True
農曆初一,2084/06/03,00:00,2084/06/03,23:59,True
農曆初一,2084/07/03,00:00,2084/07/03,23:59,True
農曆初一,2084/08/02,00:00,2084/08/02,23:59,True
農曆初一,2084/08/31,00:00,2084/08/31,23:59,True
農曆初一,2084/09/30,00:00,2084/09/30,23:59,True
農曆初一,2084/10/29,00:00,2084/10/29,23:59,True
農曆初一,2084/11/28,00:00,2084/11/28,23:59,True
農曆初一,2084/12/27,00:00,2084/12/27,23:59,True
農曆初一,2085/01/26,00:00,2085/01/26,23:59,True
農曆初一,2085/02/24,00:00,2085/02/24,23:59,True
農曆初一,2085/03/26,00:00,2085/03/26,23:59,True
農曆初一,2085/04/24,00:00,2085/04/24,23:59,True
農曆初一,2085/05/23,00:00,2085/05/23,23:59,True
農曆初一,2085/06/22,00:00,2085/06/22,23:59,True
農曆初一,2085/07/22,00:00,2085/07/22,23:59,True
農曆初一,2085/08/20,00:00,2085/08/20,23:59,True
農曆初一,2085/09/19,00:00,2085/09/19,23:59,True
農曆初一,2085/10/19,00:00,2085/10/19,23:59,True
農曆初一,2085/11/17,00:00,2085/11/17,23:59,True
農曆初一,2085/12/17,00:00,2085/12/17,23:59,True
農曆初一,2086/01/15,00:00,2086/01/15,23:59,True
農曆初一,2086/02/14,00:00,2086/02/14,23:59,True
農曆初一,2086/03/15,00:00,2086/03/15,23:59,True
農曆初一,2086/04/14,00:00,2086/04/14,23:59,True
農曆初一,2086/05/13,00:00,2086/05/13,23:59,True
農曆初一,2086/06/11,00:00,2086/06/11,23:59,True
農曆初一,2086/07/11,00:00,2086/07/11,23:59,True
農曆初一,2086/08/09,00:00,2086/08/09,23:59,True
農曆初一,2086/09/08,00:00,2086/09/08,23:59,True
農曆初一,2086/10/08,00:00,2086/10/08,23:59,True
農曆初一,2086/11/06,00:00,2086/11/06,23:59,True
農曆初一,2086/12/06,00:00,2086/12/06,23:59,True
農曆初一,2087/01/05,00:00,2087/01/05,23:59,True
農曆初一,2087/02/03,00:00,2087/02/03,23:59,True
農曆初一,2087/03/05,00:00,2087/03/05,23:59,True
農曆初一,2087/04/03,00:00,2087/04/03,23:59,True
農曆初一,2087/05/03,00:00,2087/05/03,23:59,True
農曆初一,2087/06/01,00:00,2087/06/01,23:59,True
農曆初一,2087/06/30,00:00,2087/06/30,23:59,True
農曆初一,2087/07/30,00:00,2087/07/30,23:59,True
農曆初一,2087/08/28,00:00,2087/08/28,23:59,True
農曆初一,2087/09/27,00:00,2087/09/27,23:59,True
農曆初一,2087/10/26,00:00,2087/10/26,23:59,True
農曆初一,2087/11/25,00:00,2087/11/25,23:59,True
農曆初一,2087/12/25,00:00,2087/12/25,23:59,True
農曆初一,2088/01/24,00:00,2088/01/24,23:59,True
農曆初一,2088/02/22,00:00,2088/02/22,23:59,True
農曆初一,2088/03/23,00:00,2088/03/23,23:59,True
農曆初一,2088/04/21,00:00,2088/04/21,23:59,True
農曆初一,2088/05/21,00:00,2088/05/21,23:59,True
農曆初一,2088/06/19,00:00,2088/06/19,23:59,True
農曆初一,2088/07/18,00:00,2088/07/18,23:59,True
農曆初一,2088/08/17,00:00,2088/08/17,23:59,True
農曆初一,2088/09/15,00:00,2088/09/15,23:59,True
農曆初一,2088/10/14,00:00,2088/10/14,23:59,True
農曆初一,2088/11/13,00:00,2088/11/13,23:59,True
農曆初一,2088/12/13,00:00,2088/12/13,23:59,True
農曆初一,2089/01/12,00:00,2089/01/12,23:59,True
農曆初一,2089/02/10,00:00,2089/02/10,23:59,True
農曆初一,2089/03/12,00:00,2089/03/12,23:59,True
農曆初一,2089/04/11,00:00,2089/04/11,23:59,True
農曆初一,2089/05/10,00:00,2089/05/10,23:59,True
農曆初一,2089/06/09,00:00,2089/06/09,23:59,True
農曆初一,2089/07/08,00:00,2089/07/08,23:59,True
農曆初一,2089/08/06,00:00,2089/08/06,23:59,True
農曆初一,2089/09/04,00:00,2089/09/04,23:59,True
農曆初一,2089/10/04,00:00,2089/10/04,23:59,True
農曆初一,2089/11/02,00:00,2089/11/02,23:59,True
農曆初一,2089/12/02,00:00,2089/12/02,23:59,True
農曆初一,2090/01/01,00:00,2090/01/01,23:59,True
農曆初一,2090/01/30,00:00,2090/01/30,23:59,True
農曆初一,2090/03/01,00:00,2090/03/01,23:59,True
農曆初一,2090/03/31,00:00,2090/03/31,23:59,True
農曆初一,2090/04/30,00:00,2090/04/30,23:59,True
農曆初一,2090/05/29,00:00,2090/05/29,23:59,True
農曆初一,2090/06/28,00:00,2090/06/28,23:59,True
農曆初一,2090/07/27,00:00,2090/07/27,23:59,True
農曆初一,2090/08/25,00:00,2090/08/25,23:59,True
農曆初一,2090/09/24,00:00,2090/09/24,23:59,True
農曆初一,2090/10/23,00:00,2090/10/23,23:59,True
農曆初一,2090/11/21,00:00,2090/11/21,23:59,True
農曆初一,2090/12/21,00:00,2090/12/21,23:59,True
農曆初一,2091/01/20,00:00,2091/01/20,23:59,True
農曆初一,2091/02/18,00:00,2091/02/18,23:59,True
農曆初一,2091/03/20,00:00,2091/03/20,23:59,True
農曆初一,2091/04/19,00:00,2091/04/19,23:59,True
農曆初一,2091/05/18,00:00,2091/05/18,23:59,True
農曆初一,2091/06/17,00:00,2091/06/17,23:59,True
農曆初一,2091/07/16,00:00,2091/07/16,23:59,True
農曆初一,2091/08/15,00:00,2091/08/15,23:59,True
農曆初一,2091/09/13,00:00,2091/09/13,23:59,True
農曆初一,2091/10/13,00:00,2091/10/13,23:59,True
農曆初一,2091/11/11,00:00,2091/11/11,23:59,True
農曆初一,2091/12/10,00:00,2091/12/10,23:59,True
農曆初一,2092/01/09,00:00,2092/01/09,23:59,True
農曆初一,2092/02/07,00:00,2092/02/07,23:59,True
農曆初一,2092/03/08,00:00,2092/03/08,23:59,True
農曆初一,2092/04/07,00:00,2092/04/07,23:59,True
農曆初一,2092/05/06,00:00,2092/05/06,23:59,True
農曆初一,2092/06/05,00:00,2092/06/05,23:59,True
農曆初一,2092/07/05,00:00,2092/07/05,23:59,True
農曆初一,2092/08/03,00:00,2092/08/03,23:59,True
農曆初一,2092/09/02,00:00,2092/09/02,23:59,True
農曆初一,2092/10/01,00:00,2092/10/01,23:59,True
農曆初一,2092/10/31,00:00,2092/10/31,23:59,True
農曆初一,2092/11/29,00:00,2092/11/29,23:59,True
農曆初一,2092/12/29,00:00,2092/12/29,23:59,True
農曆初一,2093/01/27,00:00,2093/01/27,23:59,True
農曆初一,2093/02/25,00:00,2093/02/25,23:59,True
農曆初一,2093/03/27,00:00,2093/03/27,23:59,True
農曆初一,2093/04/26,00:00,2093/04/26,23:59,True
農曆初一,2093/05/25,00:00,2093/05/25,23:59,True
農曆初一,2093/06/24,00:00,2093/06/24,23:59,True
農曆初一,2093/07/23,00:00,2093/07/23,23:59,True
農曆初一,2093/08/22,00:00,2093/08/22,23:59,True
農曆初一,2093/09/21,00:00,2093/09/21,23:59,True
農曆初一,2093/10/20,00:00,2093/10/20,23:59,True
農曆初一,2093/11/19,00:00,2093/11/19,23:59,True
農曆初一,2093/12/18,00:00,2093/12/18,23:59,True
農曆初一,2094/01/17,00:00,2094/01/17,23:59,True
農曆初一,2094/02/15,00:00,2094/02/15,23:59,True
農曆初一,2094/03/16,00:00,2094/03/16,23:59,True
農曆初一,2094/04/15,00:00,2094/04/15,23:59,True
農曆初一,2094/05/14,00:00,2094/05/14,23:59,True
農曆初一,2094/06/13,00:00,2094/06/13,23:59,True
農曆初一,2094/07/12,00:00,2094/07/12,23:59,True
農曆初一,2094/08/11,00:00,2094/08/11,23:59,True
農曆初一,2094/09/10,00:00,2094/09/10,23:59,True
農曆初一,2094/10/09,00:00,2094/10/09,23:59,True
農曆初一,2094/11/08,00:00,2094/11/08,23:59,True
農曆初一,2094/12/08,00:00,2094/12/08,23:59,True
農曆初一,2095/01/06,00:00,2095/01/06,23:59,True
農曆初一,2095/02/05,00:00,2095/02/05,23:59,True
農曆初一,2095/03/06,00:00,2095/03/06,23:59,True
農曆初一,2095/04/05,00:00,2095/04/05,23:59,True
農曆初一,2095/05/04,00:00,2095/05/04,23:59,True
農曆初一,2095/06/02,00:00,2095/06/02,23:59,True
農曆初一,2095/07/02,00:00,2095/07/02,23:59,True
農曆初一,2095/07/31,00:00,2095/07/31,23:59,True
農曆初一,2095/08/30,00:00,2095/08/30,23:59,True
農曆初一,2095/09/28,00:00,2095/09/28,23:59,True
農曆初一,2095/10/28,00:00,2095/10/28,23:59,True
農曆初一,2095/11/27,00:00,2095/11/27,23:59,True
農曆初一,2095/12/27,00:00,2095/12/27,23:59,True
農曆初一,2096/01/25,00:00,2096/01/25,23:59,True
農曆初一,2096/02/24,00:00,2096/02/24,23:59,True
農曆初一,2096/03/24,00:00,2096/03/24,23:59,True
農曆初一,2096/04/23,00:00,2096/04/23,23:59,True
農曆初一,2096/05/22,00:00,2096/05/22,23:59,True
農曆初一,2096/06/20,00:00,2096/06/20,23:59,True
農曆初一,2096/07/20,00:00,2096/07/20,23:59,True
農曆初一,2096/08/18,00:00,2096/08/18,23:59,True
農曆初一,2096/09/16,00:00,2096/09/16,23:59,True
農曆初一,2096/10/16,00:00,2096/10/16,23:59,True
農曆初一,2096/11/15,00:00,2096/11/15,23:59,True
農曆初一,2096/12/15,00:00,2096/12/15,23:59,True
農曆初一,2097/01/13,00:00,2097/01/13,23:59,True
農曆初一,2097/02/12,00:00,2097/02/12,23:59,True
農曆初一,2097/03/14,00:00,2097/03/14,23:59,True
農曆初一,2097/04/12,00:00,2097/04/12,23:59,True
農曆初一,2097/05/12,00:00,2097/05/12,23:59,True
農曆初一,2097/06/10,00:00,2097/06/10,23:59,True
農曆初一,2097/07/09,00:00,2097/07/09,23:59,True
農曆初一,2097/08/07,00:00,2097/08/07,23:59,True
農曆初一,2097/09/06,00:00,2097/09/06,23:59,True
農曆初一,2097/10/05,00:00,2097/10/05,23:59,True
農曆初一,2097/11/04,00:00,2097/11/04,23:59,True
農曆初一,2097/12/04,00:00,2097/12/04,23:59,True
農曆初一,2098/01/02,00:00,2098/01/02,23:59,True
農曆初一,2098/02/01,00:00,2098/02/01,23:59,True
農曆初一,2098/03/03,00:00,2098/03/03,23:59,True
農曆初一,2098/04/02,00:00,2098/04/02,23:59,True
農曆初一,2098/05/01,00:00,2098/05/01,23:59,True
農曆初一,2098/05/31,00:00,2098/05/31,23:59,True
農曆初一,2098/06/29,00:00,2098/06/29,23:59,True
農曆初一,2098/07/28,00:00,2098/07/28,23:59,True
農曆初一,2098/08/26,00:00,2098/08/26,23:59,True
農曆初一,2098/09/25,00:00,2098/09/25,23:59,True
農曆初一,2098/10/24,00:00,2098/10/24,23:59,True
農曆初一,2098/11/23,00:00,2098/11/23,23:59,True
農曆初一,2098/12/22,00:00,2098/12/22,23:59,True
農曆初一,2099/01/21,00:00,2099/01/21,23:59,True
農曆初一,2099/02/20,00:00,2099/02/20,23:59,True
農曆初一,2099/03/22,00:00,2099/03/22,23:59,True
農曆初一,2099/04/20,00:00,2099/04/20,23:59,True
農曆初一,2099/05/20,00:00,2099/05/20,23:59,True
農曆初一,2099/06/19,00:00,2099/06/19,23:59,True
農曆初一,2099/07/18,00:00,2099/07/18,23:59,True
農曆初一,2099/08/16,00:00,2099/08/16,23:59,True
農曆初一,2099/09/15,00:00,2099/09/15,23:59,True
農曆初一,2099/10/14,00:00,2099/10/14,23:59,True
農曆初一,2099/11/12,00:00,2099/11/12,23:59,True
農曆初一,2099/12/12,00:00,2099/12/12,23:59,True
農曆初一,2100/01/10,00:00,2100/01/10,23:59,True
農曆初一,2100/02/09,00:00,2100/02/09,23:59,True
農曆初一,2100/03/11,00:00,2100/03/11,23:59,True
農曆初一,2100/04/10,00:00,2100/04/10,23:59,True
農曆初一,2100/05/09,00:00,2100/05/09,23:59,True
農曆初一,2100/06/08,00:00,2100/06/08,23:59,True
農曆初一,2100/07/07,00:00,2100/07/07,23:59,True
農曆初一,2100/08/06,00:00,2100/08/06,23:59,True
農曆初一,2100/09/04,00:00,2100/09/04,23:59,True
農曆初一,2100/10/04,00:00,2100/10/04,23:59,True
農曆初一,2100/11/02,00:00,2100/11/02,23:59,True
農曆初一,2100/12/01,00:00,2100/12/01,23:59,True
農曆初一,2100/12/31,00:00,2100/12/31,23:59,True
